{"cameraMode":{"drawMode":0,"name":"Shaded","section":"Shading Mode"},"sceneLighting":true,"audioPlay":false,"sceneViewState":{"showFog":true,"showMaterialUpdate":true,"showSkybox":true,"showFlares":true,"showImageEffects":true,"showParticleSystems":true},"in2DMode":false,"pivot":{"x":-6.093868255615234,"y":-0.7028288245201111,"z":1.2948236465454102},"rotation":{"x":0.04015911743044853,"y":0.03206607699394226,"z":0.0012896854896098376,"w":-0.9986778497695923},"size":15.206729888916016,"orthographic":false}